Delhi,2015,297.02465753424656,117.34082191780823,229.99083798882677
Delhi,2016,301.36986301369865,138.71956164383562,258.63657303370786
Delhi,2017,257.32394366197184,127.09602816901408,264.75726072607284
Delhi,2018,249.15890410958903,115.01939726027399,240.11024657534247
Delhi,2019,232.1041095890411,108.50147945205478,215.04780821917808
Delhi,2020,181.672131147541,80.31797814207648,157.03420765027334
Kochi,2020,104.28481012658227,31.54050632911392,66.1144303797468
Patna,2015,350.55555555555554,217.10382716049378,
Patna,2016,252.8419452887538,138.3728571428572,
Patna,2017,328.12587412587413,183.8085314685315,
Patna,2018,233.6343490304709,119.93509695290858,
Patna,2019,218.2590529247911,105.1355988857938,197.36249999999998
Patna,2020,162.2513661202186,61.32169398907104,123.66098360655735
Aizawl,2020,34.765765765765764,16.988545454545456,23.286363636363625
Bhopal,2019,162.6095238095238,67.70914285714285,144.32114285714286
Bhopal,2020,114.7514450867052,39.58468208092484,104.78184971098257
Jaipur,2017,156.69832402234636,67.53871508379889,135.23067796610175
Jaipur,2018,150.02739726027397,61.34679452054798,141.11427397260275
Jaipur,2019,120.5123287671233,48.93131506849316,114.17723287671241
Jaipur,2020,105.12021857923497,40.31196721311476,97.434043715847
Mumbai,2018,102.36607142857143,34.732366071428594,99.57546341463413
Mumbai,2019,107.95068493150686,34.7368493150685,95.92528767123288
Mumbai,2020,103.56830601092896,36.59431693989071,94.73366120218576
Chennai,2015,148.5818181818182,59.11854545454546,
Chennai,2016,138.95151515151514,55.57763636363637,
Chennai,2017,104.61666666666666,53.168388888888906,
Chennai,2018,105.4904109589041,52.142739726027365,
Chennai,2019,102.94246575342466,43.93802739726025,58.51390532544376
Chennai,2020,80.25136612021858,29.407540983606552,68.32436090225563
Kolkata,2018,155.31553398058253,73.79320388349511,122.21752427184467
Kolkata,2019,143.9095890410959,68.31945205479454,123.55032876712319
Kolkata,2020,117.29508196721312,47.05256830601091,94.28021857923501
Lucknow,2015,202.78445229681978,98.67961130742052,
Lucknow,2016,243.57357357357358,126.79648648648647,
Lucknow,2017,237.62154696132598,121.75917127071823,
Lucknow,2018,233.77260273972604,119.2455342465753,
Lucknow,2019,202.56164383561645,98.0886575342466,
Lucknow,2020,157.12568306010928,76.86508196721311,
Talcher,2018,187.22881355932202,72.1582062780269,186.1538362068965
Talcher,2019,169.17666666666668,51.535199999999996,177.81926421404694
Talcher,2020,161.11612903225807,68.09936619718309,115.46935483870972
Amritsar,2017,148.5719696969697,72.28160305343512,144.80701612903226
Amritsar,2018,122.61993769470405,55.36291497975709,124.548753894081
Amritsar,2019,109.58171745152355,50.79404432132964,97.5752631578948
Amritsar,2020,92.78034682080924,37.702774566474,90.8161403508772
Gurugram,2016,228.5043103448276,125.60431034482754,
Gurugram,2017,284.70212765957444,156.78711246200604,395.4
Gurugram,2018,234.1529411764706,118.29258823529413,239.72319634703192
Gurugram,2019,195.22252747252747,93.9428296703297,190.02943113772477
Gurugram,2020,158.65573770491804,67.01792349726776,134.43475409836063
Guwahati,2019,127.56089743589743,54.19179487179487,106.1338782051282
Guwahati,2020,161.50819672131146,73.99516483516484,126.9221857923498
Shillong,2019,44.476190476190474,14.061379310344831,22.538730158730157
Shillong,2020,57.929577464788736,29.085845070422526,41.74225352112675
Ahmedabad,2015,310.9505703422053,78.00950570342212,
Ahmedabad,2016,312.3304347826087,64.50356521739133,
Ahmedabad,2017,558.768115942029,89.1604347826087,
Ahmedabad,2018,622.2633053221289,75.03840336134455,
Ahmedabad,2019,516.3522727272727,62.22406250000001,119.21218750000003
Ahmedabad,2020,242.0681818181818,43.340738636363646,104.4672832369942
Amaravati,2017,192.51351351351352,84.34783783783784,139.7332432432432
Amaravati,2018,101.45337620578778,38.35325806451613,81.9646302250804
Amaravati,2019,98.48543689320388,39.24135922330097,78.01660194174757
Amaravati,2020,59.87978142076503,26.089833333333328,50.29524590163937
Bengaluru,2015,112.57342657342657,28.718491228070196,67.339
Bengaluru,2016,105.79714285714286,47.64411949685532,105.34645161290317
Bengaluru,2017,87.12087912087912,35.313603351955315,84.84304469273735
Bengaluru,2018,86.30747922437673,34.85196531791906,79.40893805309739
Bengaluru,2019,91.6027397260274,35.424767123287666,75.61465753424655
Bengaluru,2020,79.71584699453553,30.465464480874314,67.03163934426232
Ernakulam,2020,92.59868421052632,24.88065789473684,47.94506578947367
Hyderabad,2015,143.58671586715866,64.22132841328417,91.70798076923076
Hyderabad,2016,124.33928571428571,54.18395209580839,89.65712121212121
Hyderabad,2017,112.28011204481793,43.32162464985994,97.78988732394363
Hyderabad,2018,97.55616438356165,43.128465753424635,95.62394520547943
Hyderabad,2019,93.98082191780821,41.55378082191784,91.3020547945205
Hyderabad,2020,78.17486338797814,35.097814207650266,77.97158469945354
Chandigarh,2019,135.54700854700855,64.80514285714288,114.560170940171
Chandigarh,2020,71.3956043956044,27.758076923076935,67.30445054945055
Coimbatore,2019,77.02659574468085,29.576010638297877,38.512446808510646
Coimbatore,2020,68.28387096774193,29.27825806451613,39.362516129032265
Jorapokhar,2017,121.18518518518519,,133.3925925925926
Jorapokhar,2018,184.88288288288288,,204.39364864864874
Jorapokhar,2019,158.18272425249168,69.00098654708518,125.85631229235875
Jorapokhar,2020,145.3395061728395,56.54669172932327,138.67807453416148
Brajrajnagar,2017,247.6,101.66000000000001,158.89700000000002
Brajrajnagar,2018,154.99615384615385,68.38411999999998,129.73996047430836
Brajrajnagar,2019,147.91277258566979,59.445875000000015,114.73632398753897
Brajrajnagar,2020,137.11764705882354,63.2337719298245,130.99403361344537
Visakhapatnam,2016,103.97604790419162,45.30508982035928,87.89437125748505
Visakhapatnam,2017,143.0943396226415,60.2592452830189,113.34050314465408
Visakhapatnam,2018,122.74461538461539,50.779721362229076,117.14972222222222
Visakhapatnam,2019,123.6165191740413,48.03706231454007,116.0229696969697
Visakhapatnam,2020,84.96045197740114,31.85830508474577,83.18112994350278
Thiruvananthapuram,2017,68.61146496815287,25.536129032258074,46.570445859872635
Thiruvananthapuram,2018,83.51810584958217,32.788179271708685,58.33610027855146
Thiruvananthapuram,2019,76.34285714285714,25.487002881844386,51.7757306590258
Thiruvananthapuram,2020,66.46448087431693,26.84983606557377,51.63861878453038
